[{
  "_id": {
    "$oid": "674a8b72773729a7cce97dff"
  },
  "name": "Paracetamol",
  "code": "MED123",
  "price": 5,
  "stock": 100,
  "detail": "Used for pain relief and reducing fever.",
  "status": "Not Banned",
  "__v": 0
},
{
  "_id": {
    "$oid": "674a925adad058c4de13c00a"
  },
  "name": "Ibuprofen",
  "code": "MED124",
  "price": 8,
  "stock": 50,
  "detail": "Anti-inflammatory drug for treating pain, fever, and swelling.",
  "status": "Not Banned",
  "__v": 0
},
{
  "_id": {
    "$oid": "674b7b9d207ff2c93fb06e51"
  },
  "name": "Amoxicillin",
  "code": "MED125",
  "price": 10,
  "stock": 30,
  "detail": "Antibiotic used to treat various bacterial infections.",
  "status": "Banned",
  "__v": 0
},
{
  "_id": {
    "$oid": "674b7b9d207ff2c93fb06e52"
  },
  "name": "Aspirin",
  "code": "MED126",
  "price": 3,
  "stock": 120,
  "detail": "Used for pain relief, reducing fever, and inflammation.",
  "status": "Not Banned",
  "__v": 0
},
{
  "_id": {
    "$oid": "674b7b9d207ff2c93fb06e53"
  },
  "name": "Cough Syrup",
  "code": "MED127",
  "price": 7,
  "stock": 80,
  "detail": "Used for relieving cough and throat irritation.",
  "status": "Not Banned",
  "__v": 0
},
{
  "_id": {
    "$oid": "674b7b9d207ff2c93fb06e54"
  },
  "name": "Vitamin C",
  "code": "MED128",
  "price": 4,
  "stock": 200,
  "detail": "Used to prevent or treat vitamin C deficiency.",
  "status": "Not Banned",
  "__v": 0
},
{
  "_id": {
    "$oid": "674c4a793b946451e9792952"
  },
  "name": "TEST123",
  "code": "TE1",
  "price": 5,
  "stock": 15,
  "detail": "this is a test AGAIN",
  "status": "Not Banned",
  "__v": 0
}]