_id,name,code,price,stock,detail,status,__v
674a8b72773729a7cce97dff,Paracetamol,MED123,5,100,Used for pain relief and reducing fever.,Not Banned,0
674a925adad058c4de13c00a,Ibuprofen,MED124,8,50,"Anti-inflammatory drug for treating pain, fever, and swelling.",Not Banned,0
674b7b9d207ff2c93fb06e51,Amoxicillin,MED125,10,30,Antibiotic used to treat various bacterial infections.,Banned,0
674b7b9d207ff2c93fb06e52,Aspirin,MED126,3,120,"Used for pain relief, reducing fever, and inflammation.",Not Banned,0
674b7b9d207ff2c93fb06e53,Cough Syrup,MED127,7,80,Used for relieving cough and throat irritation.,Not Banned,0
674b7b9d207ff2c93fb06e54,Vitamin C,MED128,4,200,Used to prevent or treat vitamin C deficiency.,Not Banned,0
674c4a793b946451e9792952,TEST123,TE1,5,15,this is a test AGAIN,Not Banned,0
