_id,username,name,alamat,email,password,role,__v
674a9a6f3ee3e6e3bf15542e,dr.smith,Dr. Sarah Smith,"123 Main St, Springfield",dr.smith@example.com,password123,Dokter,0
674aac593ee3e6e3bf155434,dr.johnson,Dr. Michael Johnson,"456 Oak St, Springfield",dr.johnson@example.com,password456,Dokter,0
674aac7e2432ceb2ca7aa01d,john_doe,John Doe,"789 Pine St, Springfield",john.doe@example.com,john123,Pasien,0
674b9a6f3ee3e6e3bf155420,jane_doe,Jane Doe,"101 Maple St, Springfield",jane.doe@example.com,jane123,Pasien,0
674b9b1f3ee3e6e3bf155421,dr.martin,Dr. Emma Martin,"111 Birch St, Springfield",dr.martin@example.com,martin123,Dokter,0
