_id,index,doctorName,reserveDate,complain,patientName,solution,status,__v,medicines[0].code,medicines[1].code,medicines[0].name,medicines[1].name,medicines[0]._id,medicines[1]._id
674bd71f207ff2c93fb06e6a,1,Dr. Sarah Johnson,2024-12-04T00:00:00.000Z,I need therapy for stress and anxiety.,John Doe,Take a deep breath and attend weekly therapy sessions.,Done,0,,,,,,
674bd93240bb88f618aab59d,2,Dr. Michael Smith,2024-12-26T00:00:00.000Z,Severe back pain after heavy lifting.,Jane Doe,-,-,0,,,,,,
674bd9c040bb88f618aab5a7,3,Dr. Emily Turner,2024-12-13T00:00:00.000Z,Frequent headaches and dizziness.,Alice Cooper,-,-,0,,,,,,
674bd9c540bb88f618aab5aa,4,Dr. David Lee,2024-12-13T00:00:00.000Z,Sore throat and cough for 3 days.,Michael Brown,-,-,0,,,,,,
674bdc0c8e913635697016c6,5,Dr. Robert Wilson,2024-12-11T00:00:00.000Z,Fatigue and low energy after exercise.,Chris Martin,-,-,0,,,,,,
674bdc0f8e913635697016ca,6,Dr. Laura White,2024-12-11T00:00:00.000Z,Chronic dizziness and nausea.,Sophia Green,"Prescribed anti-nausea medication, advised rest.",Done,0,,,,,,
674c4afb3b946451e979295f,7,Dr. Sarah Smith,2024-12-30T00:00:00.000Z,test again,John Doe,is it success,Done,0,MED123,MED128,Paracetamol,Vitamin C,674c4cc399121538a3f93fe7,674c4cc399121538a3f93fe8
