[{
  "_id": {
    "$oid": "674bd71f207ff2c93fb06e6a"
  },
  "index": 1,
  "doctorName": "Dr. Sarah Johnson",
  "reserveDate": {
    "$date": "2024-12-04T00:00:00.000Z"
  },
  "complain": "I need therapy for stress and anxiety.",
  "patientName": "John Doe",
  "solution": "Take a deep breath and attend weekly therapy sessions.",
  "status": "Done",
  "__v": 0
},
{
  "_id": {
    "$oid": "674bd93240bb88f618aab59d"
  },
  "index": 2,
  "doctorName": "Dr. Michael Smith",
  "reserveDate": {
    "$date": "2024-12-26T00:00:00.000Z"
  },
  "complain": "Severe back pain after heavy lifting.",
  "patientName": "Jane Doe",
  "solution": "-",
  "status": "-",
  "__v": 0
},
{
  "_id": {
    "$oid": "674bd9c040bb88f618aab5a7"
  },
  "index": 3,
  "doctorName": "Dr. Emily Turner",
  "reserveDate": {
    "$date": "2024-12-13T00:00:00.000Z"
  },
  "complain": "Frequent headaches and dizziness.",
  "patientName": "Alice Cooper",
  "solution": "-",
  "status": "-",
  "__v": 0
},
{
  "_id": {
    "$oid": "674bd9c540bb88f618aab5aa"
  },
  "index": 4,
  "doctorName": "Dr. David Lee",
  "reserveDate": {
    "$date": "2024-12-13T00:00:00.000Z"
  },
  "complain": "Sore throat and cough for 3 days.",
  "patientName": "Michael Brown",
  "solution": "-",
  "status": "-",
  "__v": 0
},
{
  "_id": {
    "$oid": "674bdc0c8e913635697016c6"
  },
  "index": 5,
  "doctorName": "Dr. Robert Wilson",
  "reserveDate": {
    "$date": "2024-12-11T00:00:00.000Z"
  },
  "complain": "Fatigue and low energy after exercise.",
  "patientName": "Chris Martin",
  "solution": "-",
  "status": "-",
  "__v": 0
},
{
  "_id": {
    "$oid": "674bdc0f8e913635697016ca"
  },
  "index": 6,
  "doctorName": "Dr. Laura White",
  "reserveDate": {
    "$date": "2024-12-11T00:00:00.000Z"
  },
  "complain": "Chronic dizziness and nausea.",
  "patientName": "Sophia Green",
  "solution": "Prescribed anti-nausea medication, advised rest.",
  "status": "Done",
  "__v": 0
},
{
  "_id": {
    "$oid": "674c4afb3b946451e979295f"
  },
  "index": 7,
  "doctorName": "Dr. Sarah Smith",
  "reserveDate": {
    "$date": "2024-12-30T00:00:00.000Z"
  },
  "complain": "test again",
  "patientName": "John Doe",
  "solution": "is it success",
  "status": "Done",
  "medicines": [
    {
      "code": "MED123",
      "name": "Paracetamol",
      "_id": {
        "$oid": "674c4cc399121538a3f93fe7"
      }
    },
    {
      "code": "MED128",
      "name": "Vitamin C",
      "_id": {
        "$oid": "674c4cc399121538a3f93fe8"
      }
    }
  ],
  "__v": 0
}]